Group 1,Group 2,H,p-value,q-value
NonResponder (n=26),Responder (n=14),0.1809166443312904,0.6705866715255333,0.6705866715255333
